Variable Name/Key,🟢 CO English Current,SOURCE English,🟢 CO Español Current,SOURCE Español,Notes
S1 - Landing Page - Title,Get $120 in summer food benefits for your child,PROBLEM,Recibe un pago único de $120 en beneficios de alimentos durante el verano para tu niño/a.,PROBLEM,
S1 - Landing Page - Body,"Each eligible child can receive **one $120 payment** for summer groceries.

Most eligible children get their payment automatically. Some need to submit an application. 

We can tell if you should apply for your child. Tap ""Apply now"" and enter your child's information.",PROBLEM,"Cada estudiante que califica puede recibir un pago único de $120 para comprar alimentos durante el verano.

La mayoría de los niños que califican reciben su pago automáticamente. Algunos necesitan aplicar.

Podemos decirte si deberías aplicar para tu niño/a. Toca “Aplicar ahora” e ingresa la información de tu niño/a.",PROBLEM,
S1 - Landing Page - Action,Apply now,PROBLEM,Aplica ahora,PROBLEM,
S1 - Landing Page - Action Español,Aplica ahora,PROBLEM,Apply now,PROBLEM,
S1 - Landing Page - Action Amharic,,PROBLEM,,PROBLEM,
S1 - Landing Page - Action Subtext,,PROBLEM,,PROBLEM,
S1 - Landing Page - Accordion Title,How do I know if my child can get Summer EBT?,PROBLEM,¿Cómo sé si mi niño/a califica para recibir Summer EBT?,PROBLEM,
S1 - Landing Page - Body 2,Your child may **be automatically enrolled** if they go to a school that offers the National School Breakfast or Lunch Program (NSLP) **and** one of these is true:,PROBLEM,"Tu niño/a puede **inscribirse automáticamente** si asiste a una escuela que ofrece el Programa Nacional de Desayunos o Almuerzos Escolares (NSLP) **y** se cumple una de estas condiciones:
",PROBLEM,
S1 - Landing Page - Body 3,"They receive SNAP or Colorado Works (TANF) benefits,
Everyone in their household combined earns less than 185% of the federal poverty guideline. And, they either receive Health First Colorado (Medicaid) or have submitted an income form to their school,
Are houseless, between homes, in foster care, or in the Migrant Education Program.",PROBLEM,"Recibe beneficios de SNAP o Colorado Works (TANF),

todas las personas de su hogar, sumadas, ganan menos del 185% de las pautas federales de pobreza. Y, además, recibe Health First Colorado (Medicaid) o ha entregado un formulario de ingresos en su escuela,

no tiene vivienda estable, está entre casas, vive en un hogar de acogida o participa en el Programa de Educación para Estudiantes Migrantes (estudiantes en familias de trabajadores agrícolas migrantes).",PROBLEM,
S1 - Landing Page - Body 4,"Children ages 6–17 who do not attend a school that offers NSLP but meet any of the above criteria may also **be automatically enrolled**.

If your child is **not automatically enrolled**, you should apply if:",PROBLEM,"Los niños de 6 a 17 años que no asisten a una escuela que ofrece el Programa Nacional de Desayunos o Almuerzos Escolares (NSLP), pero que cumplen con cualquiera de los criterios anteriores, **también pueden inscribirse automáticamente**.

Si tu niño/a **no se inscribe automáticamente**, deberías aplicar si:",PROBLEM,
S1 - Landing Page - Body 5,"They attend a school, Pre-K, or Head Start program that offers the NSLP, **and**
Everyone in their household combined earns less than 185% of the federal poverty guideline.",PROBLEM,"Asisten a una escuela, programa de prekínder (Pre-K) o Head Start que ofrece el Programa Nacional de Almuerzos Escolares (NSLP), **y**

todas las personas de su hogar, sumadas, ganan menos del 185% de las pautas federales de pobreza.",PROBLEM,
S1 - Landing Page - Body 6,"Tap ""Apply now"" to see if you should apply for your child.",PROBLEM,Toca “Aplicar ahora” para ver si deberías aplicar para tu niño/a.,PROBLEM,
S1 - Disclaimer - Title,What to know before we begin,PROBLEM,Lo que debes saber antes de comenzar,PROBLEM,
S1 - Disclaimer - Body 1,"First, we'll check if your child is already enrolled.",PROBLEM,"Primero, verificaremos si tu niño/a ya está inscrito.",PROBLEM,
S1 - Disclaimer - Body 2,"If they are, we can tell you how we will issue the benefit to them. If they aren't, we'll share the application form with you to fill out.",PROBLEM,"Si ya lo está, podemos decirte cómo le enviaremos el beneficio. Si no lo está, compartiremos contigo el formulario de aplicación para que lo llenes.",PROBLEM,
S1 - Disclaimer - Body 3,The information you provide will be kept private and secure.,PROBLEM,La información que nos proporciones se mantendrá privada y segura.,PROBLEM,
S1 - Disclaimer - Body 4,Using this tool will not affect your potential Summer EBT benefits or other benefits you get.,PROBLEM,Usar esta herramienta no afectará tus posibles beneficios de Summer EBT ni otros beneficios que recibes.,PROBLEM,
S1 - Personal Information - Title,Check if your child is already enrolled in Summer EBT,PROBLEM,Comprueba si tu niño/a necesita aplicar para recibir los beneficios de Summer EBT,PROBLEM,"Keeping ""auto-enrolled"" in English keeping it as a more descriptive heading ""needs to apply"" in Spanish"
S1 - Personal Information - Body,Please provide your child's information in the required fields below. This tool will check if your child is automatically enrolled to receive benefits.,PROBLEM,Por favor ingresa la información de tu niño/a en los campos obligatorios que aparecen abajo. Esta herramienta verificará si tu niño/a está inscrito/a automáticamente para recibir beneficios.,PROBLEM,
S1 - Personal Information - Label Birthdate,Birthdate,PROBLEM,Fecha de nacimiento,PROBLEM,
S1 - Personal Information - Label Month,Month,PROBLEM,Mes,PROBLEM,
S1 - Personal Information - Label Day,Day,PROBLEM,Día,PROBLEM,
S1 - Personal Information - Label Year,Year,PROBLEM,Año,PROBLEM,
S1 - Confirm Personal Information - Title,Here's the information we have so far,PROBLEM,Aquí está la información que tenemos hasta ahora.,PROBLEM,
S1 - Confirm Personal Information - Body,"Review your child(ren)'s information below. You may add another child to see if they need to apply, too. Tap ""Submit"" if you've finished adding children.",PROBLEM,"Revisa la información de tu(s) niño/a(s) a continuación. Puedes agregar otro niño/a para ver si también debe aplicar. Toqua ""Enviar"" si ya terminaste de agregar a tus niños.",PROBLEM,
S1 - Confirm Personal Information - Table Name Heading,Name,PROBLEM,Nombre,PROBLEM,
S1 - Confirm Personal Information - Table Name Value,[First name] [M.] [Last name],PROBLEM,[Nombre] [Inicial del segundo nombre] [Apellido],PROBLEM,
S1 - Confirm Personal Information - Table Birthdate Heading,Birthdate,PROBLEM,Fecha de nacimiento,PROBLEM,
S1 - Confirm Personal Information - Table Birthdate Value,"[Month], [Day] [Year]",PROBLEM,[día] de [mes] de [año],PROBLEM,
S1 - Confirm Personal Information - Table Action,Update this child's information,PROBLEM,Actualizar la información de este niño/a,PROBLEM,
S1 - Confirm Personal Information - Action Add,Add another child,PROBLEM,Agreguar otro niño/a,PROBLEM,
S1 - Optional ID Information - Title,We checked our records and need more information to see if [First name] [M.] [Last name] is enrolled,PROBLEM,Revisamos nuestros registros y necesitamos más información para saber si [First name] [M.] [Last name] está inscrito(a).,PROBLEM,
S1 - Optional ID Information - Body,"We suggest providing any of the child's State Assigned Student ID (SASID), SNAP, Colorado Works (TANF), or Medicaid number if you have them. We can give you a better answer about whether they are pre-approved.",PROBLEM,"Te sugerimos que proporciones, si los tienes, cualquiera de estos números de tu niño/a: su número de identificación de estudiante asignado por el estado (SASID), número de SNAP, Colorado Works (TANF), o Medicaid. Así podremos darte una mejor respuesta sobre si esta preaprobado.",PROBLEM,
S1 - Optional ID Information - Label Which ID,Which ID number can you provide? *,PROBLEM,¿Qué número de identificación puedes proporcionar? *,PROBLEM,
S1 - Optional ID Information - Option Student ID,State Assigned Student ID (SASID),PROBLEM,Número de identificación de estudiante asignado por el estado (SASID),PROBLEM,
S1 - Optional ID Information - Option Helper Student ID,This is a unique 10-digit number assigned to your child. Their school may be able to provide it if you do not know it.,PROBLEM,Este es un número único de 10 dígitos asignado a tu niño/a. Su escuela puede dártelo si no lo conoces.,PROBLEM,
S1 - Optional ID Information - Option Medicaid ID,Medicaid identification number (CIN / I-CIN),PROBLEM,Número de identificación de Medicaid (CIN / I-CIN),PROBLEM,
S1 - Optional ID Information - Option Helper Medicaid ID,This number can be found on your child's Medicaid program notices and is typically 7 or 8 digits long.,PROBLEM,Este número se puede encontrar en los avisos del programa Medicaid de tu niño/a y suele tener entre 7 y 8 dígitos.,PROBLEM,
S1 - Optional ID Information - Option SNAP Case Number,SNAP case number,PROBLEM,Número de caso de SNAP,PROBLEM,
S1 - Optional ID Information - Option Helper SNAP Case Number,This number can be found on your child's SNAP program notices and is typically 7 or 8 digits long.,PROBLEM,Este número se puede encontrar en los avisos del programa SNAP de tu niño/a y suele tener 7 u 8 dígitos.,PROBLEM,
S1 - Optional ID Information - Option TANF ID,Colorado Works (TANF) identification number,PROBLEM,Número de identificación de Colorado Works (TANF),PROBLEM,
S1 - Optional ID Information - Option Helper TANF ID,This number can be found on your child's Colorado Works (TANF) program notices and is typically 7 or 8 digits long.,PROBLEM,Este número se puede encontrar en los avisos del programa Colorado Works (TANF) de tu niño/a y suele tener 7 u 8 dígitos.,PROBLEM,
S1 - Optional ID Information - Label Enter Student ID,State Assigned Student ID (SASID),PROBLEM,Número de identificación de estudiante asignado por el estado (SASID),PROBLEM,
S1 - Optional ID Information - Label Enter Medicaid ID,Enter their Medicaid identification number (CIN / I-CIN),PROBLEM,Ingrese su número de identificación de Medicaid (CIN / I-CIN),PROBLEM,
S1 - Optional ID Information - Label Enter SNAP Case Number,Enter their SNAP case number,PROBLEM,Ingrese su número de caso SNAP,PROBLEM,
S1 - Optional ID Information - Label Enter TANF ID,Enter their Colorado Works (TANF) identification number,PROBLEM,Ingrese su número de identificación Colorado Works (TANF),PROBLEM,
S1 - Optional ID Information - Alert Action Log Into Portal,Contact us if you can't provide any of the suggested ID numbers.,PROBLEM,Contáctanos si no puedes proporcionar ninguno de los números de identificación sugeridos.,PROBLEM,
S1 - Result - Title,Here's the information we found,PROBLEM,Aquí está la información que encontramos,PROBLEM,
S1 - Result - Apply for SEBT - Title,,PROBLEM,,PROBLEM,
S1 - Result - Apply for SEBT - Body,Children may not be automatically enrolled because we don't have enough information to determine their eligibility. But parents or guardians can apply to see if they are eligible.,PROBLEM,"A veces los niños no se inscriben automáticamente porque no tenemos toda la información necesaria para ver si pueden participar. Sin embargo, igual podrían calificar.",PROBLEM,
S1 - Result - Apply for SEBT - Body 1,The following children are NOT enrolled in Summer EBT for 2026,PROBLEM,Los siguientes niños NO están inscritos en Summer EBT para 2026,PROBLEM,
S1 - Result - Apply for SEBT - Action Apply,Continue your Summer EBT application for children who aren't enrolled.,PROBLEM,Continúa tu aplicación de Summer EBT para los niños que no están inscritos.,PROBLEM,
S1 - Result - Apply for SEBT - Body 2,"Children may not be automatically enrolled because we don't have enough information to determine their eligibility. If not, parents or guardians can apply to see if they qualify.",PROBLEM,"Es posible que los niños no queden inscritos automáticamente porque no tenemos suficiente información para determinar si califican. Si es así, las madres, padres, cuidadores, o tutores pueden enviar una aplicación para ver si califican.",PROBLEM,
S1 - Result - Apply for SEBT - Body 3,"To get summer 2026 food benefits, you must apply by August 25, 2026. Applying for Summer EBT usually takes 10 minutes or less.",PROBLEM,"Para recibir beneficios de alimentos en el verano de 2026, debes aplicar antes del 25 de agosto de 2026.

Aplicar para Summer EBT generalmente toma 10 minutos o menos.",PROBLEM,
S1 - Result - Apply for SEBT - Body 4,"After you apply, you will be contacted by mail once your application is reviewed.",PROBLEM,"Después de que envies tu solicitud, te contactarán cuando la hayan revisado.",PROBLEM,
S1 - Result - Apply for SEBT - Accordion Title,How do I know if they're eligible?,PROBLEM,¿Cómo sé si pueden calificar?,PROBLEM,
S1 - Result - Apply for SEBT - Accordion Body 1,"You should apply if your child attends a school that participates in the National School Lunch Program (NSLP) or School Breakfast Program (SBP). All public schools, most charter schools, and some private schools participate in NSLP.",PROBLEM,"Deberías aplicar si tu niño/a asiste a una escuela que participa en el Programa Nacional de Almuerzos Escolares (NSLP) o en el Programa de Desayunos Escolares (SBP).

Todas las escuelas públicas, la mayoría de las escuelas chárter y algunas escuelas privadas participan en el NSLP.",PROBLEM,
S1 - Result - Apply for SEBT - Accordion Body 2,Tap here to continue your application,PROBLEM,Toca tu pantalla aquí para continuar con tu aplicación,PROBLEM,
S1 - Result - Apply for SEBT - Accordion Body 3,You may also use the dropdown below to check how much money your household can make in a year to be eligible.,PROBLEM,Puedes usar este menú para ver cuánto dinero puede ganar tu familia en un año para calificar,PROBLEM,
S1 - Result - Apply for SEBT - Accordion Label Select Number People,Select the number of people in your household,PROBLEM,Selecciona el número de personas que viven en tu hogar,PROBLEM,
S1 - Result - Apply for SEBT - Accordion Body Alert Income,"If your household's total gross income is less than [$28,953] every year, you are likely to be eligible. Gross income is the amount before any deductions, taxes, or expenses are taken out.",PROBLEM,"Si el ingreso total de tu hogar es menos de $28,953 cada año, es probable que califiques El ingreso total es la cantidad antes de que se hagan deducciones, impuestos o gastos.",PROBLEM,
S1 - Result - Apply for SEBT - Card 1 Title,,PROBLEM,,PROBLEM,
S1 - Result - Apply for SEBT - Card 1 Body,,PROBLEM,,PROBLEM,
S1 - Result - Apply for SEBT - Card 1 Action,,PROBLEM,,PROBLEM,
S1 - Result - Apply for SEBT - Notify Title,,PROBLEM,,PROBLEM,
S1 - Result - Apply for SEBT - Notify Label Email,,PROBLEM,,PROBLEM,
S1 - Result - Apply for SEBT - Library Applications,,PROBLEM,,PROBLEM,
S1 - Result - Apply for SEBT - Notify Success ,,PROBLEM,,PROBLEM,
S1 - Result - Apply for SEBT - Card 2 Title,,PROBLEM,,PROBLEM,
S1 - Result - Apply for SEBT - Card 2 Body,,PROBLEM,,PROBLEM,
S1 - Result - Apply for SEBT - Card 2 Action,,PROBLEM,,PROBLEM,
S1 - Result - Streamlined Enrolled - Title,,PROBLEM,,PROBLEM,
S1 - Result - Streamlined Enrolled - Body,,PROBLEM,,PROBLEM,
S1 - Result - Streamlined Enrolled - Body 1,The following children are already enrolled in Summer EBT for 2026.,PROBLEM,Los siguientes niños ya están inscritos en Summer EBT para 2026.,PROBLEM,
S1 - Result - Streamlined Enrolled - Alert Title,Check the Summer EBT Portal to see where your enrolled children will receive their benefits.,PROBLEM,Revisa el Portal de Summer EBT para ver dónde recibirán sus beneficios los niños que ya están inscritos.,PROBLEM,
S1 - Result - Streamlined Enrolled - Alert Body,"If they received the food benefit for a previous summer, we may issue their one-time $120 payment to the same Summer EBT card.

If your child is new to Summer EBT or their previous card needs to be replaced, we will mail a new card to the address we have on file.",PROBLEM,"Si recibieron el beneficio de alimentos en un verano anterior, enviaremos su pago único de $120 a la misma tarjeta de Summer EBT.

Si tu niño/a es nuevo en Summer EBT o su tarjeta anterior ha sido desactivada, te enviaremos una nueva tarjeta por correo a la dirección que tenemos registrada.",PROBLEM,
S1 - Result - Streamlined Enrolled - Alert Action,,PROBLEM,,PROBLEM,
S1 - Result - Streamlined Enrolled - Body 2,,PROBLEM,,PROBLEM,
S1 - Result - Streamlined Enrolled - Body 3,,PROBLEM,,PROBLEM,
S1 - Result - Streamlined Enrolled - Action,Go to the Summer EBT Portal,PROBLEM,Ir al Portal Summer EBT,PROBLEM,
S1 - Result - Streamlined Enrolled - Card 1 Title,,PROBLEM,,PROBLEM,
S1 - Result - Streamlined Enrolled - Card 1 Body,,PROBLEM,,PROBLEM,
S1 - Result - Streamlined Enrolled - Card 2 Title,,PROBLEM,,PROBLEM,
S1 - Result - Streamlined Enrolled - Card 2 Body,,PROBLEM,,PROBLEM,
S1 - Result - Streamlined Enrolled - Card 2 Action,,PROBLEM,,PROBLEM,
S1 - Result - Streamlined Enrolled - Steps Heading,Next steps,PROBLEM,próximos pasos,PROBLEM,
S1 - Result - None - Body 1,We don't have enough information for the following children.,PROBLEM,No tenemos suficiente información para los siguientes niños,PROBLEM,
S1 - Result - None - Body 2,,PROBLEM,,PROBLEM,
S1 - Result - Error - Title,Something went wrong on our end,PROBLEM,Algo salió mal de nuestro lado,PROBLEM,
S1 - Result - Error - Body,We aren’t able to able to share enrollment information for your children. You may try to check again later or continue with these next steps.,PROBLEM,No podemos compartir información de inscripción de tus niños en este momento. Puedes intentar revisar de nuevo más tarde o continuar con estos siguientes pasos.,PROBLEM,
S2 - Log In Disclaimer - Title,Access the Summer EBT portal,PROBLEM,Accede a tu cuenta de Summer EBT,PROBLEM,
S2 - Log In Disclaimer - Log In Disclaimer - Body 1,"After tapping ""Sign in"", you'll be redirected to sign in using your myColorado® account. If you don't have an account, you'll be able to create one using your name, email address, phone number, and date of birth.",PROBLEM,"Después de tocar “Iniciar sesión”, se te redirigirá para entrar con tu cuenta de myColorado®. Si no tienes una cuenta, podrás crearla usando tu nombre, correo electrónico, número de teléfono y fecha de nacimiento.",PROBLEM,
S2 - Log In Disclaimer - Log In Disclaimer - Body 2,Contact us if you need assistance signing in.,PROBLEM,Contáctanos si necesitas ayuda para iniciar sesión en tu cuenta.,PROBLEM,
S2 - Log In Disclaimer - Log In Disclaimer - Body 3,,PROBLEM,,PROBLEM,
S2 - Portal Dashboard - Alert Address Updated,Your mailing address has been updated,PROBLEM,Tu dirección ha sido actualizada,PROBLEM,
S2 - Portal Dashboard - Alert Address Title,"A replacement for the card[s] ending in [[9999], [9999], and [9999],] will be sent to the following address",PROBLEM,"Las tarjeta terminadas en [[9999], [9999], y [9999], van a ser remplazadas y enviadas a la siguiente dirección",PROBLEM,
S2 - Portal Dashboard - Alert Address Body,New cards usually arrive in your mailbox within 7–10 business days. Check back here in 1–2 business days to see your updated card details.,PROBLEM,Las tarjetas nuevas generalmente llegan por correo en un plazo de 7 a 10 días hábiles. Vuelve a consultar aquí en 1 a 2 días hábiles para ver la información actualizada de tu tarjeta.,PROBLEM,
S2 - Portal Dashboard - Alert Contact Updated,Your contact preferences have been updated,PROBLEM,Se han actualizado tus preferencias de contacto,PROBLEM,
S2 - Portal Dashboard - Alert Address Update Error,There was an issue updating your mailing address. Please try again later.,PROBLEM,Hubo un problema al actualizar su dirección postal. Vuelve a intentarlo más tarde.,PROBLEM,
S2 - Portal Dashboard - Alert Contact Update Error,There was an issue updating your contact preferences. Please try again later.,PROBLEM,Hubo un problema al actualizar tus preferencias de contacto. Vuelve a intentarlo más tarde.,PROBLEM,
S2 - Portal Dashboard - Alert Check Address Title,Is your address correct?,PROBLEM,Revisa tu dirección,PROBLEM,
S2 - Portal Dashboard - Alert Check Address Body,Please check your preferred mailing address to make sure you can receive Summer EBT cards and other mail from us.,PROBLEM,"Por favor, revisa tu dirección postal preferida para asegurarte de que puedas recibir las tarjetas Summer EBT y otros envíos por correo de nuestra parte.",PROBLEM,
S2 - Portal Dashboard - Alert Check Address Link 1,"Yes, this is my address",PROBLEM,"Si, esta es mi dirección postal",PROBLEM,
S2 - Portal Dashboard - Alert Check Address Link 2,"No, change my mailing address",PROBLEM,"No, cambiar mi dirección postal",PROBLEM,
S2 - Portal Dashboard - Logout,Sign out,PROBLEM,Cerrar sesión,PROBLEM,
S2 - Portal Dashboard - Action Navigation - Lead,I want to,PROBLEM,Quiero,PROBLEM,
S2 - Portal Dashboard - Action Navigation - Check Existing Cards,Check existing cards,PROBLEM,Revisar mis tarjetas existentes,PROBLEM,
S2 - Portal Dashboard - Action Navigation - Order replacement cards,Request new cards,PROBLEM,Pedir tarjetas de reemplazo,PROBLEM,
S2 - Portal Dashboard - Action Navigation - Change my mailing address,Change my mailing address,PROBLEM,Cambiar mi dirección de correspondencia,PROBLEM,
S2 - Portal Dashboard - Action Navigation - Change my contact information,Change my contact information,PROBLEM,Cambiar mi información de contacto,PROBLEM,
S2 - Portal Dashboard - Action Navigation - Check existing applications,Check existing applications,PROBLEM,Revisar solicitudes pendientes,PROBLEM,
S2 - Portal Dashboard - Action Navigation - Activate Card,Activate a card,PROBLEM,Activar una tarjeta,PROBLEM,
S2 - Portal Dashboard - Action Navigation - Apply,Apply for Summer EBT,PROBLEM,Enviar una solicitud para la Summer EBT,PROBLEM,
S2 - Portal Dashboard - Profile Table - Heading Status,Status,PROBLEM,Estado,PROBLEM,
S2 - Portal Dashboard - Profile Table - Status Enrolled,Enrolled,PROBLEM,Inscrito,PROBLEM,
S2 - Portal Dashboard - Profile Table - Status Application In-Progress,Application in-process,PROBLEM,Solicitud en proceso,PROBLEM,
S2 - Portal Dashboard - Profile Table - Status Application Denied,Application denied,PROBLEM,Solicitud rechazada,PROBLEM,
S2 - Portal Dashboard - Profile Table - Status Enrolled Description,Your children are enrolled because we have enough information to confirm their eligibility.,PROBLEM,Tus niños están inscritos porque tenemos suficiente información para confirmar que califican.,PROBLEM,
S2 - Portal Dashboard - Profile Table - Status Check Address,Check mailing address,PROBLEM,Revisar dirección postal,PROBLEM,
S2 - Portal Dashboard - Profile Table - Heading Contact,Your preferred contact,PROBLEM,Tu método de contacto preferido,PROBLEM,
S2 - Portal Dashboard - Profile Table - Contact Emails On,Getting emails at [email]@[domain].,PROBLEM,Recibiendo avisos por correo electrónico a [email]@[domain],PROBLEM,
S2 - Portal Dashboard - Profile Table - Contact Emails Off,Not getting emails.,PROBLEM,No está recibiendo correo electrónico,PROBLEM,
S2 - Portal Dashboard - Profile Table - Contact Text On,Getting text messages at ([999]) 999-9999.,PROBLEM,Recibiendo mensajes de texto al ([999]) 999-9999.,PROBLEM,
S2 - Portal Dashboard - Profile Table - Contact Text Off,Not getting text messages.,PROBLEM,No está recibiendo mensajes de texto,PROBLEM,
S2 - Portal Dashboard - Profile Table - Heading Address,Your mailing address,PROBLEM,Tu dirección de correspondencia,PROBLEM,
S2 - Portal Dashboard - Profile Table - Co-loaded Address,,PROBLEM,,PROBLEM,
S2 - Portal Dashboard - Profile Table - Update your profile,,PROBLEM,,PROBLEM,
S2 - Portal Dashboard - Profile Table - Physical Mail,,PROBLEM,,PROBLEM,
S2 - Portal Dashboard - Profile Table - Action Change Address,Change my mailing address,PROBLEM,Cambiar mi dirección de correspondencia,PROBLEM,
S2 - Portal Dashboard - Profile Table - Action Change Contact,Change my contact preferences,PROBLEM,Cambiar mi información de contacto,PROBLEM,
S2 - Portal Dashboard - Section - Cards Heading,Summer EBT Cards,PROBLEM,Tarjetas Summer EBT,PROBLEM,
S2 - Portal Dashboard - Section - Cards Body,,PROBLEM,,PROBLEM,
S2 - Portal Dashboard - Section - Cards Alert Body,,PROBLEM,,PROBLEM,
S2 - Portal Dashboard - Card Table - Heading SEBT ID,Summer EBT ID,PROBLEM,ID Summer EBT,PROBLEM,
S2 - Portal Dashboard - Card Table - Heading Issued,Benefit issue date,PROBLEM,Beneficios asignados,PROBLEM,
S2 - Portal Dashboard - Card Table - Heading Exp Date,Benefit expiration date,PROBLEM,Fecha de vencimiento del beneficio,PROBLEM,
S2 - Portal Dashboard - Card Table - Heading Card Type,Benefit issued to,PROBLEM,Beneficios asignados a,PROBLEM,
S2 - Portal Dashboard - Card Table - Types,,PROBLEM,,PROBLEM,
S2 - Portal Dashboard - Card Table - Types Co-loaded,,PROBLEM,,PROBLEM,
S2 - Portal Dashboard - Card Table - Type SEBT,Summer EBT Card,PROBLEM,Tarjeta Summer EBT,PROBLEM,
S2 - Portal Dashboard - Card Table - Type SNAP,,PROBLEM,,PROBLEM,
S2 - Portal Dashboard - Card Table - Type TANF,,PROBLEM,,PROBLEM,
S2 - Portal Dashboard - Card Table - Heading Card Number,Card number,PROBLEM,Número de tarjeta,PROBLEM,
S2 - Portal Dashboard - Card Table - Last Four Digits,[9999] (last 4 digits),PROBLEM,[9999] (últimos 4 dígitos),PROBLEM,
S2 - Portal Dashboard - Card Table - Heading Card Status,Card status,PROBLEM,Estado de la tarjeta,PROBLEM,
S2 - Portal Dashboard - Card Table - Heading Mailing address,,PROBLEM,,PROBLEM,
S2 - Portal Dashboard - Card Table - Status Requested,,PROBLEM,,PROBLEM,
S2 - Portal Dashboard - Card Table - Status Issued,,PROBLEM,,PROBLEM,
S2 - Portal Dashboard - Card Table - Status Mailed,,PROBLEM,,PROBLEM,
S2 - Portal Dashboard - Card Table - Status Active,Active,PROBLEM,Activa,PROBLEM,
S2 - Portal Dashboard - Card Table - Status Deactivated,Inactive,PROBLEM,Inactiva,PROBLEM,
S2 - Portal Dashboard - Card Table - Status Inactive,Inactive,PROBLEM,Inactiva,PROBLEM,
S2 - Portal Dashboard - Card Table - Status Frozen,Frozen,PROBLEM,Congelada,PROBLEM,
S2 - Portal Dashboard - Card Table - Status Undeliverable,Undeliverable,PROBLEM,No se pudo entregar,PROBLEM,
S2 - Portal Dashboard - Card Table - Status Message Requested 1,,PROBLEM,,PROBLEM,
S2 - Portal Dashboard - Card Table - Status Message Requested 2,,PROBLEM,,PROBLEM,
S2 - Portal Dashboard - Card Table - Status Message Mailed,,PROBLEM,,PROBLEM,
S2 - Portal Dashboard - Card Table - Status Message Active,"This card has been sent to you. It is ready to make purchases as soon as you set the PIN. When the card arrives, call EBT Customer Service at (888) 328-2656 to set the card's PIN.

When asked to enter the date of birth, enter your child’s birthdate and use the format MM-DD-YYYY (month-day-year).

When asked to ""enter the primary cardholder's"" ZIP Code, enter the ZIP Code of the address your card was mailed to.",PROBLEM,"Esta tarjeta ya se te envió. Está lista para hacer compras en cuanto le pongas el PIN. Cuando llegue la tarjeta, llama al Servicio al Cliente de EBT al (888) 328-2656 para configurar el PIN de la tarjeta.

Cuando te pidan ingresar la fecha de nacimiento, escribe la fecha de nacimiento de tu niño/a usando el formato DD-MM-YYYY (día-mes-año).

Cuando te pidan “ingresar el código postal del titular principal de la tarjeta”, ingresa el código postal de la dirección a la que se envió por correo tu tarjeta.",PROBLEM,For version in Español the format is DD-MM-YYYY
S2 - Portal Dashboard - Card Table - Status Message Deactivated,"This card was reported as lost, stolen, damaged, or otherwise inactive.",PROBLEM,"Esta tarjeta fue reportada como perdida, robada, dañada o inactiva.",PROBLEM,
S2 - Portal Dashboard - Card Table - Status Message Inactive,"This card was reported as lost, stolen, damaged, or otherwise inactive.",PROBLEM,"Esta tarjeta fue reportada como perdida, robada, dañada o inactiva.",PROBLEM,
S2 - Portal Dashboard - Card Table - Status Message Frozen,"You won’t be able to use your benefits while this card is frozen. Unfreeze the card to keep using your benefits. This can be done with the ebtEDGE, MyCoBenefits, or Propel apps.",PROBLEM,"No podrás usar tus beneficios mientras esta tarjeta esté congelada. Descongela la tarjeta para seguir usando tus beneficios. Puedes hacerlo con las aplicaciones ebtEDGE, MyCoBenefits o Propel.",PROBLEM,
S2 - Portal Dashboard - Card Table - Status Message Undeliverable,The card could not be delivered to the address on file. ,PROBLEM,No se pudo entregar la tarjeta a la dirección que tenemos registrada.,PROBLEM,
S2 - Portal Dashboard - Card Table - Action Update Mailing Address,Update this card's mailing address,PROBLEM,Actualizar la dirección de correspondencia de esta tarjeta,PROBLEM,
S2 - Portal Dashboard - Card Table - Action Request Replacement,Request a replacement card,PROBLEM,Solicitar una tarjeta de reemplazo,PROBLEM,
S2 - Portal Dashboard - Card Table - Action How to Replace,,PROBLEM,,PROBLEM,
S2 - Portal Dashboard - Card Table - Action Update Request,Update your address and order a replacement card,PROBLEM,Actualiza tu dirección y pide una tarjeta de reemplazo,PROBLEM,
S2 - Portal Dashboard - Alert EBT Edge - Title,Check balance or change PIN number,PROBLEM,Revisar balance o cambiar número de PIN,PROBLEM,
S2 - Portal Dashboard - Alert EBT Edge - Body,If you need to,PROBLEM,"Cuando agregas tus tarjetas a una cuenta de ebtEDGE, puedes",PROBLEM,
S2 - Portal Dashboard - Alert EBT Edge - Features,"Check a card balance and transactions, 
Freeze or unfreeze to protect benefits from theft, 
Or change a card PIN",PROBLEM,"Revisar el balance de la tarjeta, 
Congelarlas o descongelarlas para proteger tus beneficios del robo, o
Cambiar la clave de la tarjeta",PROBLEM,
S2 - Portal Dashboard - Alert EBT Edge - Body 2,You can call EBT Customer Service at (888) 328-2656 or use ebtEDGE online and create an account.,PROBLEM,Puedes llamar al Servicio al Cliente de EBT al (888) 328-2656 o usar ebtEDGE en línea y crear una cuenta.,PROBLEM,
S2 - Portal Dashboard - Alert EBT Edge - Action,Go to ebtEDGE,PROBLEM,Ir a ebtEDGE,PROBLEM,
S2 - Portal Dashboard - Alert EBT Edge - Action 2,Tap to call EBT Customer Service,PROBLEM,Toca la pantalla para llamar al Servicio al Cliente de EBT,PROBLEM,
S2 - Portal Dashboard - Section - Enrolled Children Heading,Enrolled Children,PROBLEM,Niños inscritos,PROBLEM,
S2 - Portal Dashboard - Section - Enrolled Children Body 1,"The following children are enrolled in Summer EBT. If you would like to submit an application for a child who isn't enrolled, you may",PROBLEM,"Los siguientes niños han sido inscritos automáticamente en Summer EBT. Si quieres, puedes aplicar para un niño que no está inscrito.",PROBLEM,
S2 - Portal Dashboard - Section - Enrolled Children Body 2,,PROBLEM,,PROBLEM,
S2 - Portal Dashboard - Section - Enrolled Children Action,submit a Summer EBT application.,PROBLEM,Aplicar para Summer EBT.,PROBLEM,
S2 - Portal Dashboard - Section - Applications Heading,Summer EBT Applications,PROBLEM,Solicitudes de Summer EBT,PROBLEM,
S2 - Portal Dashboard - Section - Applications Body,Here are your Summer EBT applications for children who haven't been automatically enrolled.,PROBLEM,Aquí están tus solicitudes de Summer EBT para los niños que no se han inscrito automáticamente.,PROBLEM,
S2 - Portal Dashboard - Applications Table - Heading Number,SEBT Application Tracking ID,PROBLEM,Número de seguimiento de la solicitud de SEBT,PROBLEM,
S2 - Portal Dashboard - Applications Table - Heading Date Submitted,,PROBLEM,,PROBLEM,
S2 - Portal Dashboard - Applications Table - Heading Children Included,Children included in application,PROBLEM,Niños incluídos en la aplicación,PROBLEM,
S2 - Portal Dashboard - Applications Table - Heading Status,Status,PROBLEM,Estado,PROBLEM,
S2 - Portal Dashboard - Applications Table - Status Approved,Approved,PROBLEM,Aprobada,PROBLEM,
S2 - Portal Dashboard - Applications Table - Status Pending,In-process,PROBLEM,Pendiente ,PROBLEM,
S2 - Portal Dashboard - Applications Table - Status Denied,Denied,PROBLEM,Rechazao,PROBLEM,
S2 - Portal Dashboard - Alert Applications Title,"Currently, you have no children enrolled in Summer EBT or Summer EBT applications",PROBLEM,"Actualmente, no tienes niños inscritos en Summer EBT ni solicitudes de Summer EBT",PROBLEM,
S2 - Portal Dashboard - Alert Applications Body,"Come back to this dashboard in 1–2 business days if you've just applied, and your application isn't displayed.",PROBLEM,Vuelve a este portal mañana si acabas de enviar tu aplicación y tu solicitud y aún no aparece.,PROBLEM,
S2 - Portal Dashboard - Alert Applications Action,Apply for Summer EBT now,PROBLEM,Aplica para Summer EBT ahora ,PROBLEM,
S3 - Contact Preferences Update - Title,Your contact preferences,PROBLEM,Tus preferencias de contacto,PROBLEM,
S3 - Contact Preferences Update - Body,"If you choose email or text, we’ll continue to also mail notices to your physical address.",PROBLEM,"Si eliges correo electrónico o mensaje de texto, también vamos a seguir enviando avisos por correo postal a tu dirección física.",PROBLEM,
S3 - Contact Preferences Update - Label Language,Which language do you prefer to be contacted in?,PROBLEM,¿En qué idioma prefieres que te contacten?,PROBLEM,
S3 - Contact Preferences Update - Label Contact Preference,Would you like to get emails about your Summer EBT account?,PROBLEM,¿Te gustaría recibir correos electrónicos sobre tu cuenta de Summer EBT?,PROBLEM,
S3 - Contact Preferences Update - Label Email,What's your email address?,PROBLEM,¿Cómo prefieres que te contactemos?,PROBLEM,
S3 - Contact Preferences Update - Label Text Preference,Would you like get text messages about your Summer EBT account sent to ([999]) [999]-[9999]?,PROBLEM,¿Te gustaría recibir mensajes de texto sobre tu cuenta de Summer EBT al ([999]) [999]-[9999]?,PROBLEM,
S3 - Contact Preferences Update - Description Text Preference,This phone number needs to be able to receive text messages and can’t be changed.,PROBLEM,Este número de teléfono tiene que poder recibir mensajes de texto y no se puede cambiar.,PROBLEM,
S3 - Contact Preferences Update - Label Phone,,PROBLEM,,PROBLEM,
S3 - Contact Preferences Update - Description Phone,,PROBLEM,,PROBLEM,
S3 - Contact Preferences Update - Action Update Contact,Update contact preferences,PROBLEM,Actualizar las preferencias de contacto,PROBLEM,
S3 - Parent Profile Update - Alert Profile Update,,PROBLEM,,PROBLEM,
S3 - Parent Profile Update - Title,,PROBLEM,,PROBLEM,
S3 - Parent Profile Update - Back,,PROBLEM,,PROBLEM,
S3 - Parent Profile Update - Heading Mailing Address,,PROBLEM,,PROBLEM,
S3 - Parent Profile Update - Label Preferred Mailing Address,,PROBLEM,,PROBLEM,
S3 - Parent Profile Update - Helper Preferred Mailing Address,,PROBLEM,,PROBLEM,
S3 - Parent Profile Update - Action Add Mailing Address,,PROBLEM,,PROBLEM,
S3 - Parent Profile Update - Edit Mailing Address,,PROBLEM,,PROBLEM,
S3 - Mailing Address Edit - Title,,PROBLEM,,PROBLEM,
S3 - Mailing Address Edit - Label Select Address,,PROBLEM,,PROBLEM,
S3 - Mailing Address Edit - Label Update or Delete,,PROBLEM,,PROBLEM,
S3 - Mailing Address Edit - Option Update,,PROBLEM,,PROBLEM,
S3 - Mailing Address Edit - Option Delete,,PROBLEM,,PROBLEM,
S3 - Confirm Delete Address - Title,,PROBLEM,,PROBLEM,
S3 - Parent Profile Update - Action Update Address,,PROBLEM,,PROBLEM,
S4 - Mailing Address Update - Title Your,Tell us where to safely send your mail,PROBLEM,Cuéntanos a qué dirección podemos enviarte tu correo de forma segura,PROBLEM,
S4 - Mailing Address Update - Helper Street Address,,PROBLEM,,PROBLEM,
S4 - Mailing Address Update - Alert Body,"There was an issue with the address provided. If you can, please enter a street address shorter than 30 characters.",PROBLEM,"Hubo un problema con la dirección que ingresaste. Si puedes, escribe una dirección de calle de menos de 30 caracteres.",PROBLEM,
S4 - Mailing Address Update - Alert Action,Contact us if you need more help.,PROBLEM,Contáctanos si necesitas más ayuda,PROBLEM,
S4 - Mailing Address Update - Validation Street Address,Enter a street address shorter than 30 characters.,PROBLEM,Escribe una dirección de calle de menos de 30 caracteres.,PROBLEM,
S4 - Abbreviated Address - Title,,PROBLEM,,PROBLEM,
S4 - Abbreviated Address - Body 1,,PROBLEM,,PROBLEM,
S4 - Abbreviated Address - Body 2,,PROBLEM,,PROBLEM,
S4 - Abbreviated Address - Body 3,,PROBLEM,,PROBLEM,
S4 - Abbreviated Address - Body 4,,PROBLEM,,PROBLEM,
S4 - Abbreviated Address - Action 1,,PROBLEM,,PROBLEM,
S4 - Abbreviated Address - Action 2,,PROBLEM,,PROBLEM,
S4 - Address Not Found - Title,Are you sure this address is correct?,PROBLEM,¿Estás seguro que esta dirección es correcta?,PROBLEM,
S4 - Address Not Found - Body,"We couldn't find the address you entered. To make sure we can send you mail or a Summer EBT card, please check the address. If it is correct, tap ""Use this address"".

If you want to make a change, tap ""Edit the address"".",PROBLEM,"No pudimos encontrar la dirección que ingresaste. Para asegurarnos de poder enviarte correo o tu tarjeta de Summer EBT, por favor revisa la dirección. Si es correcta, toca “Usar esta dirección”.

Si quieres hacer un cambio, toca “Editar la dirección”.",PROBLEM,
S4 - Address Not Found - Alert Title,Address you entered,PROBLEM,Dirección que ingresaste,PROBLEM,
S4 - Address Not Found - Alert Action,Edit the address,PROBLEM,Editar esta dirección,PROBLEM,
S4 - Address Not Found - Continue,Use this address,PROBLEM,Usar esta dirección,PROBLEM,
S4 - Address Not Found - Action Help,,PROBLEM,,PROBLEM,
S4 - Suggested Address - Title,Check the address,PROBLEM,Confirmar la dirección,PROBLEM,
S4 - Suggested Address - Body,"We updated the address you entered. If correct, use the suggested address.",PROBLEM,"Hemos actualizado la dirección que ingresaste. Si es correcta, selecciona la dirección sugerida.",PROBLEM,
S4 - Suggested Address - Label Select,Select the address to use,PROBLEM,Selecciona la dirección que quieres usar,PROBLEM,
S5 - Bulk Order New Cards - Title,Do you want to request replacement Summer EBT cards to be sent to this address?,PROBLEM,¿Quieres solicitar que las tarjetas Summer EBT de reemplazo sean enviadas a esta dirección?,PROBLEM,
S5 - Bulk Order New Cards - Body 1,We can send replacement cards if,PROBLEM,Podemos enviar tarjetas de reemplazo si,PROBLEM,
S5 - Bulk Order New Cards - Body 2,"You haven't received them in the mail after two weeks
Or you no longer have them",PROBLEM,"No las has recibido por correo después de dos semanas
o ya no las tienes",PROBLEM,
S5 - Bulk Order New Cards Confirm - Title,A few things to know before replacing Summer EBT cards,PROBLEM,Algunas cosas a tener en cuenta antes de reemplazar las tarjetas de Summer EBT,PROBLEM,
S5 - Bulk Order New Cards Confirm - Body,"Once replacement cards are created, the previous cards will be permanently deactivated
Cards will arrive by mail in around 7-10 business days
Any remaining balance on the previous card will automatically be rolled over to the replacement card",PROBLEM,"Una vez que se creen las tarjetas de reemplazo, las tarjetas anteriores se desactivarán permanentemente.
Las tarjetas llegarán por correo entre 5 y 7 días, aproximadamente.
Puedes verificar aquí cuándo se ha enviado la tarjeta.
Cualquier saldo restante en la tarjeta anterior se transferirá automáticamente a la tarjeta de reemplazo",PROBLEM,
S5 - Bulk Order New Cards Confirm - Summary Title,Card order summary,PROBLEM,Resumen del pedido de la tarjeta,PROBLEM,
S5 - Bulk Order New Cards Confirm - Summary Address,New cards will be mailed to the following address:,PROBLEM,Las nuevas tarjetas se enviarán por correo a la siguiente dirección:,PROBLEM,
S5 - Bulk Order New Cards Who - Title,Which cards need to be replaced?,PROBLEM,¿Cuáles tarjetas necesitan ser reemplazadas?,PROBLEM,
S5 - Bulk Order New Cards Who - Label Select Cards,Select which cards you want to replace,PROBLEM,Selecciona las tarjetas que deseas reemplazar,PROBLEM,
S5 - Bulk Order New Cards Who - Who's Card,[First name] [M.] [Last name]'s card,PROBLEM,Tarjeta de [First name] [M.] [Last name],PROBLEM,
S5 - Bulk Order New Cards Who - Card Number,Card number: [9999] (last 4 digits),PROBLEM,Número de tarjeta: [9999] (últimos 4 dígitos),PROBLEM,
S5 - Bulk Order New Cards Confirm - Action,Order cards,PROBLEM,Pedir tarjetas,PROBLEM,
S6 - Replacement Card - Pre-title,Replace card ending in [9999],PROBLEM,Reemplazar la tarjeta que termina en [9999],PROBLEM,
S6 - Replacement Card Address - Title,Do you want the new card mailed to this address?,PROBLEM,¿Deseas que el reemplazo de la tarjeta que termina en [9999] se envíe por correo a esta dirección?,PROBLEM,
S6 - Request Replacement Card FIS - Title,,PROBLEM,,PROBLEM,
S6 - Request Replacement Card FIS - Replace Card Body 1,,PROBLEM,,PROBLEM,
S6 - Request Replacement Card FIS - Replace Card Body 2,,PROBLEM,,PROBLEM,
S6 - Request Replacement Card FIS - Replace Card Body 3,,PROBLEM,,PROBLEM,
S6 - Request Replacement Card FIS - Replace Card Body 4,,PROBLEM,,PROBLEM,
S6 - Request Replacement Card FIS - Replace Card Body 5,,PROBLEM,,PROBLEM,
S6 - Request Replacement Card FIS - Action,,PROBLEM,,PROBLEM,
S6 - Request Replacement Card FIS - Keep Card,,PROBLEM,,PROBLEM,
S6 - Request Replacement Card FIS - Tap to Call,,PROBLEM,,PROBLEM,
S6 - Request Replacement Card FIS - Subtle Link,,PROBLEM,,PROBLEM,
S6 - Confirm Request Replacement Card - Title,A few things to know before replacing Summer EBT cards,PROBLEM,Ingresa tu correo electrónico y te enviaremos un código para entrar a tu cuenta de DC SUN Bucks,PROBLEM,
S6 - Confirm Request Replacement Card - Body,"Once a replacement card is created, the previous card will be permanently deactivated
Cards will arrive by mail in around 7-10 business days
Any remaining balance on the previous card will automatically be rolled over to the replacement card",PROBLEM,"Llama a servicios al cliente de EBT al (888) 328-2656 para solicitar el envío de una tarjeta de reemplazo a la dirección que aparece aquí. Las tarjetas llegarán por correo en aproximadamente 7 a 10 días hábiles.
Cualquier saldo restante en la tarjeta anterior se transferirá automáticamente a la tarjeta de reemplazo.",PROBLEM,
S6 - Confirm Request Replacement Card - Summary Title,Card order summary,PROBLEM,Resumen del pedido de tarjetas,PROBLEM,
S6 - Confirm Request Replacement Card - Summary Address,A new card will be mailed to the following address:,PROBLEM,Las nuevas tarjetas se enviarán por correo a la siguiente dirección:,PROBLEM,
S6 - Confirm Request Replacement Card - Action,Order card,PROBLEM,Pedir tarjetas,PROBLEM,
S7 - Pin Card - Title,Activate a card,PROBLEM,Activar una tarjeta,PROBLEM,
S7 - Pin Card - Body,"Your child's card is active when it's mailed to you. To make purchases, you will need to set the card's PIN number. You may call EBT Customer Service at (888) 328-2656 and follow the instructions to set the PIN number.

Enter the child's birthdate in the format MM-DD-YYYY (month-day-year).

When asked to ""enter the primary cardholder's"" ZIP Code, enter the ZIP Code of the address it was mailed to.",PROBLEM,"La tarjeta de tu niño/a queda activa en el momento en que se envía por correo. Para hacer compras, tendrás que establecer el número de PIN de la tarjeta. Puedes llamar al Servicio al Cliente de EBT al (888) 328-2656 y seguir las instrucciones para establecer el PIN.

Ingresa la fecha de nacimiento de tu niño/a en el formato DD-MM-YYYY (día-mes-año).

Cuando se te pida que ingreses el código postal de la persona titular principal de la tarjeta, ingresa el código postal de la dirección a la que se envió por correo.",PROBLEM,
S7 - Pin Card - Action,Tap to call EBT Customer Service,PROBLEM,Toca la pantalla para llamar a servicios al cliente de EBT,PROBLEM,
S7 - Co-loaded Address Update - Title,,PROBLEM,,PROBLEM,
S7 - Co-loaded Address Update - Body 1,,PROBLEM,,PROBLEM,
S7 - Co-loaded Address Update - Body 2,,PROBLEM,,PROBLEM,
S7 - Co-loaded Address Update - Action 2,,PROBLEM,,PROBLEM,
S7 - Co-loaded Address Update - Body 3,,PROBLEM,,PROBLEM,
S7 - Co-loaded Address Update - Action 3,,PROBLEM,,PROBLEM,
S8 - OTP Enter Email - Title,,PROBLEM,,PROBLEM,
S8 - OTP Enter Email - Body,,PROBLEM,,PROBLEM,
S8 - OTP Enter Email - Label Email,,PROBLEM,,PROBLEM,
S8 - OTP Confirm - Title,,PROBLEM,,PROBLEM,
S8 - OTP Confirm - Label Code,,PROBLEM,,PROBLEM,
S8 - OTP Confirm - Label Digit 1,,PROBLEM,,PROBLEM,
S8 - OTP Confirm - Label Digit 2,,PROBLEM,,PROBLEM,
S8 - OTP Confirm - Label Digit 3,,PROBLEM,,PROBLEM,
S8 - OTP Confirm - Label Digit 4,,PROBLEM,,PROBLEM,
S8 - OTP Confirm - Label Digit 5,,PROBLEM,,PROBLEM,
S8 - OTP Confirm - Label Digit 6,,PROBLEM,,PROBLEM,
S8 - OTP Confirm - Invalid Error Message,,PROBLEM,,PROBLEM,
S8 - OTP Confirm - Action Resend,,PROBLEM,,PROBLEM,
S8 - OTP Confirm - Action Confirm,,PROBLEM,,PROBLEM,
S8 - OTP Email Message - Sender,,PROBLEM,,PROBLEM,
S8 - OTP Email Message - Subject,,PROBLEM,,PROBLEM,
S8 - OTP Email Message - Body 1,,PROBLEM,,PROBLEM,
S8 - OTP Email Message - Body 2,,PROBLEM,,PROBLEM,
S8 - OTP Email Message - Body 3,,PROBLEM,,PROBLEM,
S8 - ID Proofing Optional ID Info - Title,,PROBLEM,,PROBLEM,
S8 - ID Proofing Optional ID Info - Body,,PROBLEM,,PROBLEM,
S8 - ID Proofing Optional ID Info - Label DOB,,PROBLEM,,PROBLEM,
S8 - ID Proofing Optional ID Info - Label ID,,PROBLEM,,PROBLEM,
S8 - ID Proofing Optional ID Info - Helper ID,,PROBLEM,,PROBLEM,
S8 - ID Proofing Optional ID Info - Option Label SSN,,PROBLEM,,PROBLEM,
S8 - ID Proofing Optional ID Info - Option Label ITIN,,PROBLEM,,PROBLEM,
S8 - ID Proofing Optional ID Info - Option Label Medicaid ID,,PROBLEM,,PROBLEM,
S8 - ID Proofing Optional ID Info - Option Helper Medicaid ID,,PROBLEM,,PROBLEM,
S8 - ID Proofing Optional ID Info - Option Account ID,,PROBLEM,,PROBLEM,
S8 - ID Proofing Optional ID Info - Option Helper Account ID,,PROBLEM,,PROBLEM,
S8 - ID Proofing Optional ID Info - Option Person ID,,PROBLEM,,PROBLEM,
S8 - ID Proofing Optional ID Info - Option Helper Person ID,,PROBLEM,,PROBLEM,
S8 - ID Proofing Optional ID Info - Label SSN,,PROBLEM,,PROBLEM,
S8 - ID Proofing Optional ID Info - Label ITIN,,PROBLEM,,PROBLEM,
S8 - ID Proofing Optional ID Info - Label Medicaid ID,,PROBLEM,,PROBLEM,
S8 - ID Proofing Optional ID Info - Label Account ID,,PROBLEM,,PROBLEM,
S8 - ID Proofing Optional ID Info - Label Person ID,,PROBLEM,,PROBLEM,
S8 - Opt-in - Label Email,,PROBLEM,,PROBLEM,
S8 - Opt-in - Helper Email,,PROBLEM,,PROBLEM,
S8 - Opt-in - Label DOB,,PROBLEM,,PROBLEM,
S8 - Opt-in - Helper DOB,,PROBLEM,,PROBLEM,
S8 - Opt-in - Label Contact Preference,,PROBLEM,,PROBLEM,
S8 - Opt-in - Option Helper Phone,,PROBLEM,,PROBLEM,
S8 - Opt-in - Label Enter Phone,,PROBLEM,,PROBLEM,
S8 - Opt-in - Label Text,,PROBLEM,,PROBLEM,
S8 - Off-boarding - Title,,PROBLEM,,PROBLEM,
S8 - Off-boarding - Body 1,,PROBLEM,,PROBLEM,
S8 - Off-boarding - Body 2,,PROBLEM,,PROBLEM,
S8 - Off-boarding - Body 3,,PROBLEM,,PROBLEM,
S8 - Off-boarding - Action,,PROBLEM,,PROBLEM,
S8 - Co-loaded Off-boarding - Title,"We're sorry, we aren't able to show your Summer EBT information ",PROBLEM,"Lo sentimos, no podemos mostrar tu información de Summer EBT",PROBLEM,
S8 - Co-loaded Off-boarding - Body 1,You can contact us if you need more help.,PROBLEM,Puedes contactarnos si necesitas más ayuda.,PROBLEM,
S8 - Co-loaded Off-boarding - Action 1,Contact us,PROBLEM,Contáctanos,PROBLEM,
S8 - Co-loaded Off-boarding - Body 2,"If you’re not sure what to do, or you want to apply for Summer EBT, we can help you find out if you need to apply for your child. Tap “Apply now” and enter your child’s information.",PROBLEM,"Si no estás seguro de qué hacer, o si quieres aplicar para Summer EBT, te podemos ayudar a saber si necesitas aplicar para tu niño/a. Toca “Aplica ahora” y escribe la información de tu niño/a.",PROBLEM,
S8 - Co-loaded Off-boarding - Action 2,Apply now,PROBLEM,Aplica ahora,PROBLEM,
S8 - Authentication Failure - Alert,"We were unable to finish signing you into your myColorado® account. Please, try again.",PROBLEM,"No pudimos terminar de iniciar tu sesión en tu cuenta de myColorado®. Por favor, inténtalo de nuevo.",PROBLEM,
S9 - Opt-in - Title,Would you like to get Summer EBT communication through email or SMS text?,PROBLEM,¿Te gustaría recibir los avisos de Summer EBT por correo electrónico o por mensaje de texto (SMS)?,PROBLEM,
S9 - Opt-in - Body,"If you choose email or text, we’ll continue to also mail notices to your physical address.",PROBLEM,"Si eliges correo electrónico o mensajes de texto, también vamos a seguir enviando avisos por correo postal a tu dirección física.",PROBLEM,
S9 - Opt-in - Text Description,Select this option if you want to be messaged at ([999]) [999]-[9999]. This phone number needs to be able to receive text messages and can’t be changed.,PROBLEM,"Selecciona esta opción si quieres que te mandemos mensajes al ([999]) [999]-[9999]. Este número de teléfono tiene que poder recibir mensajes de texto y no se puede cambiar.
",PROBLEM,
S9 - Sign In - Alert,"Just a moment, we're signing you in",PROBLEM,"Un momento, estamos iniciando tu sesión",PROBLEM,
S9 - Email - Title,Is [email]@[domain] the best email address to use?,PROBLEM,¿[email]@[domain] es el mejor correo electrónico para usar?,PROBLEM,
S9 - Email - Title 2,What's your email address?,PROBLEM,¿Cuál es tu correo electrónico?,PROBLEM,
S9 - Email - Body,,PROBLEM,,PROBLEM,
S9 - Enter Email - Enter Label,Enter your email,PROBLEM,Ingresa tu correo electrónico,PROBLEM,
S9 - Enter Email - Confirm Label,Confirm email address,PROBLEM,Confirma tu correo electrónico,PROBLEM,
S9 - Text - Title,,PROBLEM,,PROBLEM,
S9 - Text - Which Phone Label,,PROBLEM,,PROBLEM,
S9 - Text - Enter Label,,PROBLEM,,PROBLEM,
S9 - Text - Enter Helper,,PROBLEM,,PROBLEM,
S9 - Text - Confirm Label,,PROBLEM,,PROBLEM,
S9 - Language - Title,Which language do you prefer to be contacted in?,PROBLEM,¿En qué idioma prefieres que te contactemos?,PROBLEM,
S9 - Language - Label Select Language,Select a language,PROBLEM,Selecciona un idioma,PROBLEM,
S9 - Language - Action,Continue to the portal,PROBLEM,Continuar a mi cuenta,PROBLEM,
S10 - Step-up Disclaimer - Title,"To help keep your account safe, we need to confirm it’s really you",PROBLEM,"Para ayudar a mantener tu cuenta segura, necesitamos confirmar que realmente eres tú.",PROBLEM,
S10 - Step-up Disclaimer - Body,We need to share some information with our third-party vendor to verify your identity. We will do this only once and will not share or save anything without your permission.,PROBLEM,Necesitamos compartir cierta información con nuestro proveedor externo para verificar tu identidad. Solo haremos esto una vez y no compartiremos ni guardaremos nada sin tu permiso.,PROBLEM,
S10 - Step-up Disclaimer - Action,Verify,PROBLEM,Verifica,PROBLEM,
S10 - Step-up Processing - Title,Please wait...,PROBLEM,"Por favor, espera...",PROBLEM,
S10 - Step-up Processing - Body,Do not exit the page. Checking to see if we have enough information.,PROBLEM,No salgas de la página. Estamos verificando si tenemos suficiente información.,PROBLEM,
S10 - Step-up Failure - Title,"We're sorry, we aren't able to show your Summer EBT information",PROBLEM,"Lo sentimos, no podemos mostrar tu información de Summer EBT",PROBLEM,
S10 - Step-up Failure - Body,You can contact us if you need more help.,PROBLEM,Puedes contactarnos si necesitas más ayuda.,PROBLEM,
S10 - Step-up Failure - Action,Contact us,PROBLEM,Contáctanos,PROBLEM,
GLOBAL - Program Name,Summer EBT,PROBLEM,Summer EBT,PROBLEM,
GLOBAL - Banner Image Alt Text,Logo: Colorado Deptartment of Human Services,PROBLEM,Logo: Nombre de la agencia,PROBLEM,
GLOBAL - Language,,PROBLEM,,PROBLEM,
GLOBAL - Label - Languages,,PROBLEM,,PROBLEM,
GLOBAL - Label - Translate,Translate,PROBLEM,Traducir,PROBLEM,
GLOBAL - Options - Languages,"English
Español (Spanish)",PROBLEM,"English (Inglés)
Español",PROBLEM,
GLOBAL - Language - English,English,PROBLEM,Inglés (English),PROBLEM,
GLOBAL - Language - Español,Español (Spanish),PROBLEM,Español,PROBLEM,
GLOBAL - Language - Amharic,,PROBLEM,,PROBLEM,
GLOBAL - Address Format,"[Street address line 1]
[Street address line 2]
[City], [State] [ZIP Code]",PROBLEM,"[Dirección linea 1]
[Dirección linea 2]
[Ciudad], [Estado] [Código postal]",PROBLEM,
GLOBAL - Label First name,First name,PROBLEM,Nombre,PROBLEM,
GLOBAL - Helper Text - Legally as it appears,"Legally as it appears on official documents, e.g. birth certificate",PROBLEM,"Legalmente como aparece en documentos oficiales, ej. acta de nacimiento.",PROBLEM,
GLOBAL - Label Middle name,Middle name,PROBLEM,Segundo nombre,PROBLEM,
GLOBAL - Helper Text - Optional,Optional. If they have one.,PROBLEM,Opcional. Si tiene uno.,PROBLEM,
GLOBAL - Label Last name,Last name,PROBLEM,Apellido,PROBLEM,
GLOBAL - Action - Continue,Continue,PROBLEM,Continuar,PROBLEM,
GLOBAL - Action - Submit,Submit,PROBLEM,Enviar,PROBLEM,
GLOBAL - Placeholder - Select one,- Select one -,PROBLEM,- Selecciona una opción-,PROBLEM,
GLOBAL - Options - January - February,"January

February

March

April

May

June

July

August

September

October

November

December",PROBLEM,"enero

febrero

marzo

abril

mayo

junio

julio

agosto

septiembre

octubre

noviembre

diciembre",PROBLEM,
GLOBAL - Options - January,January,PROBLEM,enero,PROBLEM,
GLOBAL - Options - February,February,PROBLEM,febrero,PROBLEM,
GLOBAL - Options - March,March,PROBLEM,marzo,PROBLEM,
GLOBAL - Options - April,April,PROBLEM,abril,PROBLEM,
GLOBAL - Options - May,May,PROBLEM,mayo,PROBLEM,
GLOBAL - Options - June,June,PROBLEM,junio,PROBLEM,
GLOBAL - Options - July,July,PROBLEM,julio,PROBLEM,
GLOBAL - Options - August,August,PROBLEM,agosto,PROBLEM,
GLOBAL - Options - September,September,PROBLEM,septiembre,PROBLEM,
GLOBAL - Options - October,October,PROBLEM,octubre,PROBLEM,
GLOBAL - Options - November,November,PROBLEM,noviembre,PROBLEM,
GLOBAL - Options - December,December,PROBLEM,diciembre,PROBLEM,
GLOBAL - Option - None of the above,None of the above,PROBLEM,Ninguna de las anteriores,PROBLEM,
GLOBAL - Required Fields,Asterisks (*) indicate a required field.,PROBLEM,Los asteriscos (*) indican que es un campo requerido.,PROBLEM,
GLOBAL - Helper Select at least one,Select at least one option.,PROBLEM,Seleccions por lo menos una opción.,PROBLEM,
GLOBAL - Email,Email,PROBLEM,Correo electrónico,PROBLEM,
GLOBAL - Phone,Phone,PROBLEM,Teléfono,PROBLEM,
GLOBAL - Physical mail,Physical mail,PROBLEM,Correo físico,PROBLEM,
GLOBAL - Email address,Email address,PROBLEM,Correo electrónico,PROBLEM,
GLOBAL - Phone number,Phone number,PROBLEM,Número de teléfono,PROBLEM,
GLOBAL - Label Send Cards to Preferred Address,Do you want us to send Summer EBT cards for all of your enrolled children to your preferred address?,PROBLEM,¿Quieres que enviemos las tarjetas Summer EBT para todos los niños inscritos a tu dirección de preferencia?,PROBLEM,
GLOBAL - Co-loaded Card Helper,,PROBLEM,,PROBLEM,
GLOBAL - Co-loaded Card Helper Link,,PROBLEM,,PROBLEM,
GLOBAL - Yes,Yes,PROBLEM,Sí,PROBLEM,
GLOBAL - No,No,PROBLEM,No,PROBLEM,
GLOBAL - Action - Back,Back,PROBLEM,Regresar,PROBLEM,
GLOBAL - Label - Select One,Select one,PROBLEM,Selecciona una opción,PROBLEM,
GLOBAL - Street Address,Street address,PROBLEM,Dirección,PROBLEM,
GLOBAL - Helper Street Address,,PROBLEM,,PROBLEM,
GLOBAL - Street Address 2,Street address line 2,PROBLEM,"Dirección, línea 2",PROBLEM,
GLOBAL - Helper Street Address 2,"For example, an apartment number, unit number, floor, or PO Box.",PROBLEM,"Por ejemplo, número de apartamento, número de unidad, piso o apartado postal",PROBLEM,
GLOBAL - City,City,PROBLEM,Ciudad,PROBLEM,
GLOBAL - Default City,,PROBLEM,,PROBLEM,
GLOBAL - State or Territory,State or territory,PROBLEM,Estado o territorio,PROBLEM,
GLOBAL - Default State or Territory,Colorado,PROBLEM,Colorado,PROBLEM,
GLOBAL - ZIP Code,ZIP Code,PROBLEM,Código postal,PROBLEM,
GLOBAL - Label Make Preferred Mailing Address,Do you want to make this your preferred mailing address?,PROBLEM,¿Quieres que esta sea tu dirección de correspondencia de preferencia?,PROBLEM,
GLOBAL - Apply Online,Continue your application,PROBLEM,Continua tu aplicación,PROBLEM,
GLOBAL - Apply Online Link,https://peak.my.site.com/SEBT/s/?language=en_US,PROBLEM,https://peak.my.site.com/SEBT/s/?language=en_US,PROBLEM,
GLOBAL - Sign Up,,PROBLEM,,PROBLEM,
GLOBAL - Download Application,,PROBLEM,,PROBLEM,
GLOBAL - Action - Log In,Sign in with myColorado®,PROBLEM,Iniciar con myColorado®,PROBLEM,
GLOBAL - Action - Log In Esp,Iniciar con myColorado®,PROBLEM,Sign in with myColorado®,PROBLEM,
GLOBAL - Label - Suggested Address,Suggested address,PROBLEM,Dirección sugerida,PROBLEM,
GLOBAL - Label - Address Entered,Address you entered,PROBLEM,La dirección que ingresaste,PROBLEM,
GLOBAL - Label - Select All,Select all that apply,PROBLEM,Selecciona todas las que correspondan,PROBLEM,
GLOBAL - Text,Text,PROBLEM,Texto,PROBLEM,
GLOBAL - Link FAQs,,PROBLEM,,PROBLEM,
GLOBAL - Title Contact Us,Summer EBT Help Desk,PROBLEM,Línea de ayuda de Summer EBT,PROBLEM,
GLOBAL - Link Contact Us,Email the Summer EBT Help Desk at,PROBLEM,Envía un correo electrónico a la Línea de ayuda de Summer EBT a,PROBLEM,
GLOBAL - Link Contact Us 2,cdhs_sebt_supportcenter@state.co.us,PROBLEM,cdhs_sebt_supportcenter@state.co.us,PROBLEM,
GLOBAL - Link Public Notices,General Notices,PROBLEM,Avisos generales,PROBLEM,
GLOBAL - Title Accessibility,Accessibility at CDHS,PROBLEM,Accesibilidad en CDHS,PROBLEM,
GLOBAL - Body Accessibility,"CDHS is committed to meeting members
of our community where they are, and
strives to provide all Coloradans with
access to our programs, services,
resources, activities and communication
regardless of ability.",PROBLEM,"El Departamento de Servicios Humanos de Colorado (CDHS) se compromete a atender a los miembros de nuestra comunidad donde se encuentren y se esfuerza por brindar a todos loa habitantes de Colorado acceso a nuestros programas, servicios, recursos, actividades y comunicación, independientemente de sus capacidades.",PROBLEM,
GLOBAL - Link Accessibility,Digital accessibility statement,PROBLEM,Declaración de accesibilidad digital,PROBLEM,
GLOBAL - Link Privacy Policy,Transparency Online,PROBLEM,Transparencia en línea,PROBLEM,
GLOBAL - Link Google Translate,,PROBLEM,,PROBLEM,
GLOBAL - Link About,,PROBLEM,,PROBLEM,
GLOBAL - Link Terms,,PROBLEM,,PROBLEM,
GLOBAL - Copyrite,© 2026 State of Colorado,PROBLEM,© 2026 Estado de Colorado,PROBLEM,
GLOBAL - Alert Beta,This site is currently in beta. Some features may be incomplete or missing.,PROBLEM,Este sitio está actualmente en versión beta. Es posible que algunas funciones estén incompletas o no disponibles.,PROBLEM,
VALIDATION - Summary,"We're sorry. Some required questions aren't filled or we can't accept some of the answers. We'll be able to continue your application once these issues are fixed.

If you need additional support (especially in a language other than English or español), please contact us.",PROBLEM,"Lo sentimos. Algunas preguntas requeridas no están completas o no podemos aceptar algunas de las respuestas. Podremos continuar con tu solicitud una vez que se solucionen estos problemas.

Si necesitas apoyo adicional (especialmente en un idioma diferente al inglés o español), por favor contáctanos.",PROBLEM,
VALIDATION - Required,This is required,PROBLEM,Esto es requerido,PROBLEM,
VALIDATION - Select Option,Select an option,PROBLEM,Selecciona una opción,PROBLEM,
VALIDATION - Enter Phone,"Provide a valid phone number, including the area code",PROBLEM,"Ingresa un número de teléfono válido, incluyendo el código de área",PROBLEM,
VALIDATION - Enter ZIP,Provide a valid ZIP Code with at least five numbers,PROBLEM,Ingresa un código de área válido con por lo menos cinco números,PROBLEM,
VALIDATION - Select Month,Select a month,PROBLEM,Selecciona un mes,PROBLEM,
VALIDATION - Enter Day,Provide a day using one or two numbers,PROBLEM,Escribe un día usando uno o dos números,PROBLEM,
VALIDATION - Enter Year,Provide a year using four numbers,PROBLEM,Escribe un año usando cuatro números.,PROBLEM,
VALIDATION - Select Year,Select a year,PROBLEM,Selecciona un año,PROBLEM,
VALIDATION - Enter Email,Provide a valid email address,PROBLEM,Ingresa un correo electrónico válido,PROBLEM,
VALIDATION - OTP Invalid,,PROBLEM,,PROBLEM,
VALIDATION - Global Internal Error,An error occurred on our end. Please try again.,PROBLEM,"Ocurrió un error de nuestro lado. Por favor, inténtalo de nuevo.",PROBLEM,
VALIDATION - Global Sign-in Error,There was an issue signing in. Please try again.,PROBLEM,"Hubo un problema al iniciar sesión. Por favor, inténtalo de nuevo.",PROBLEM,
VALIDATION - New Code,,PROBLEM,,PROBLEM,
PROTO - S1 - Optional ID Information - Title 2,We checked our records and need more information to see if Kalai F. Curtis can get Summer EBT,PROBLEM,Revisamos nuestros registros y necesitamos más información para ver si Kalai F. Curtis puede recibir Summer EBT,PROBLEM,
PROTO - S2 - Portal Dashboard - Card Table - Kalai Frances Curtis' card,Kalai Frances Curtis' card,PROBLEM,Tarjeta de Kalai Frances Curtis,PROBLEM,
PROTO - S2 - Portal Dashboard - Card Table - Caleb David Curtis' card,Caleb David Curtis' card,PROBLEM,Tarjeta de Caleb David Curtis,PROBLEM,
PROTO - S2 - Portal Dashboard - Card Table - 1234 (last 4 digits),1234 (last 4 digits),PROBLEM,1234 (últimos 4 dígitos),PROBLEM,
PROTO - S2 - Portal Dashboard - Card Table - 5678 (last 4 digits),5678 (last 4 digits),PROBLEM,5678 (últimos 4 dígitos),PROBLEM,
PROTO - S2 - Portal Dashboard - Card Table - Status Requested On 1,Requested on 04/01/2024,PROBLEM,Solicitada el 04/01/2024,PROBLEM,
PROTO - S2 - Portal Dashboard - Card Table - Status Requested On 2,Requested on 05/05/2024,PROBLEM,Solicitada el 05/05/2024,PROBLEM,
PROTO - S4 - Mailing Address Update - Title Caleb David Curtis,Tell us where to safely send Caleb David Curtis' mail,PROBLEM,Cuéntanos a qué dirección podemos enviar de forma segura el correo de Caleb David Curtis,PROBLEM,
PROTO - S5 - Bulk Order New Cards Who - Card Number Kalai,Card number: 1234 (last 4 digits),PROBLEM,Número de tarjeta: 1234 (últimos 4 dígitos),PROBLEM,
PROTO - S5 - Bulk Order New Cards Who - Card Number Caleb,Card number: 5678 (last 4 digits),PROBLEM,Número de tarjeta: 5678 (últimos 4 dígitos),PROBLEM,
PROTO - First Name 1,Kalai,PROBLEM,Kalai,PROBLEM,
PROTO - Middle Name 1,Frances,PROBLEM,Frances,PROBLEM,
PROTO - Last Name 1,Curtis,PROBLEM,Curtis,PROBLEM,
PROTO - Birthdate Month 1,August,PROBLEM,August,PROBLEM,
PROTO - Birthdate Day 1,13,PROBLEM,13,PROBLEM,
PROTO - Birthdate Year 1,2017,PROBLEM,2017,PROBLEM,
PROTO - Name 1,Kalai Frances Curtis,PROBLEM,Kalai F. Curtis,PROBLEM,
PROTO - Birthdate 1,"August 13, 2017",PROBLEM,"agosto 13, 2017",PROBLEM,
PROTO - Name 2,Caleb David Curtis,PROBLEM,Caleb David Curtis,PROBLEM,
PROTO - First Name 2,Caleb,PROBLEM,Caleb,PROBLEM,
PROTO - Middle Name 2,David,PROBLEM,David,PROBLEM,
PROTO - Last Name 2,Curtis,PROBLEM,Curtis,PROBLEM,
PROTO - Birthdate 2,"January 7, 2009",PROBLEM,"enero 7, 2009",PROBLEM,
PROTO - Birthdate Month 2,January,PROBLEM,January,PROBLEM,
PROTO - Birthdate Day 2,7,PROBLEM,7,PROBLEM,
PROTO - Birthdate Year 2,2009,PROBLEM,2009,PROBLEM,
PROTO - LOGIN EMAIL,frances.curtis@gmail.com,PROBLEM,frances.curtis@gmail.com,PROBLEM,
PROTO - S2 - Portal Dashboard - Alert Address Title,A replacement for the card ending in 1234 will be sent to the following address,PROBLEM,Las tarjeta terminada en 1234 será remplazadas y enviada a la siguiente dirección,PROBLEM,
,,PROBLEM,,PROBLEM,
,,PROBLEM,,PROBLEM,
,,PROBLEM,,PROBLEM,
,,PROBLEM,,PROBLEM,
,,PROBLEM,,PROBLEM,
,,PROBLEM,,PROBLEM,
,,PROBLEM,,PROBLEM,
,,PROBLEM,,PROBLEM,
,,PROBLEM,,PROBLEM,
,,PROBLEM,,PROBLEM,
,,PROBLEM,,PROBLEM,
,,PROBLEM,,PROBLEM,
,,PROBLEM,,PROBLEM,
,,PROBLEM,,PROBLEM,
,,PROBLEM,,PROBLEM,
,,PROBLEM,,PROBLEM,
,,PROBLEM,,PROBLEM,
,,PROBLEM,,PROBLEM,
,,PROBLEM,,PROBLEM,
,,PROBLEM,,PROBLEM,